faiss_id,event_id
0,EVT_000001
1,EVT_000002
2,EVT_000003
3,EVT_000004
4,EVT_000005
5,EVT_000006
6,EVT_000007
7,EVT_000008
8,EVT_000009
9,EVT_000010
10,EVT_000011
11,EVT_000012
12,EVT_000013
13,EVT_000014
14,EVT_000015
15,EVT_000016
16,EVT_000017
17,EVT_000018
18,EVT_000019
19,EVT_000020
20,EVT_000021
21,EVT_000022
22,EVT_000023
23,EVT_000024
24,EVT_000025
25,EVT_000026
26,EVT_000027
27,EVT_000028
28,EVT_000029
29,EVT_000030
30,EVT_000031
31,EVT_000032
32,EVT_000033
33,EVT_000034
34,EVT_000035
35,EVT_000036
36,EVT_000037
37,EVT_000038
38,EVT_000039
39,EVT_000040
40,EVT_000041
41,EVT_000042
42,EVT_000043
43,EVT_000044
44,EVT_000045
45,EVT_000046
46,EVT_000047
47,EVT_000048
48,EVT_000049
49,EVT_000050
50,EVT_000051
51,EVT_000052
52,EVT_000053
53,EVT_000054
54,EVT_000055
55,EVT_000056
56,EVT_000057
57,EVT_000058
58,EVT_000059
59,EVT_000060
60,EVT_000061
61,EVT_000062
62,EVT_000063
63,EVT_000064
64,EVT_000065
65,EVT_000066
66,EVT_000067
67,EVT_000068
68,EVT_000069
69,EVT_000070
70,EVT_000071
71,EVT_000072
72,EVT_000073
73,EVT_000074
74,EVT_000075
75,EVT_000076
76,EVT_000077
77,EVT_000078
78,EVT_000079
79,EVT_000080
80,EVT_000081
81,EVT_000082
82,EVT_000083
83,EVT_000084
84,EVT_000085
85,EVT_000086
86,EVT_000087
87,EVT_000088
88,EVT_000089
89,EVT_000090
90,EVT_000091
91,EVT_000092
92,EVT_000093
93,EVT_000094
94,EVT_000095
95,EVT_000096
96,EVT_000097
97,EVT_000098
98,EVT_000099
99,EVT_000100
100,EVT_000101
101,EVT_000102
102,EVT_000103
103,EVT_000104
104,EVT_000105
105,EVT_000106
106,EVT_000107
107,EVT_000108
108,EVT_000109
109,EVT_000110
110,EVT_000111
111,EVT_000112
112,EVT_000113
113,EVT_000114
